{
	"pages": [ //pages数组中第一项表示应用启动页，参考：https://uniapp.dcloud.io/collocation/pages
		{
			"path": "pages/index/index",
			"style": {
				"navigationBarTitleText": "首页"
			}
		}
		,{
			"path" : "pages/message/message",
			"style" :                                                                                    
			{
				"navigationBarTitleText": "消息",
				"enablePullDownRefresh": false,
				"enablePullDownRefresh":true
			}
			
		}
		,{
			"path" : "pages/shopCart/shopCart",
			"style" :                                                                                    
			{
				"navigationBarTitleText": "购物车",
				"enablePullDownRefresh": false
			}
			
		}
		,{
			"path" : "pages/mine/mine",
			"style" :                                                                                    
			{
				"navigationBarTitleText": "我的",
				"enablePullDownRefresh": false
			}
			
		}
        ,{
            "path" : "component/carousel/carousel",
            "style" :                                                                                    
            {
                "navigationBarTitleText": "",
                "enablePullDownRefresh": false
            }
            
        }
        ,{
            "path" : "component/menuBar/menuBar",
            "style" :                                                                                    
            {
                "navigationBarTitleText": "",
                "enablePullDownRefresh": false
            }
            
        }
        ,{
            "path" : "component/productList/productList",
            "style" :                                                                                    
            {
                "navigationBarTitleText": "",
                "enablePullDownRefresh": false
            }
            
        }
        ,{
            "path" : "component/navigation/navigation",
            "style" :                                                                                    
            {
                "navigationBarTitleText": "",
                "enablePullDownRefresh": false
            }
            
        }
        ,{
            "path" : "component/otherSet/otherSet",
            "style" :                                                                                    
            {
                "navigationBarTitleText": "",
                "enablePullDownRefresh": false
            }
            
        }
        ,{
            "path" : "pages/commodityInfo/commodityInfo",
            "style" :                                                                                    
            {
                "navigationBarTitleText": "",
                "enablePullDownRefresh": false
            }
            
        }
        ,{
            "path" : "pages/commodityList/commodityList",
            "style" :                                                                                    
            {
                "navigationBarTitleText": "",
                "enablePullDownRefresh": false
            }
            
        }
        ,{
            "path" : "pages/searchList/searchList",
            "style" :                                                                                    
            {
                "navigationBarTitleText": "",
                "enablePullDownRefresh": false
            }
            
        }
    ],
	"subPackages": [{
		"root": "subPackages",
		"pages": [

		]
	}],
	"globalStyle": {
		"navigationBarTextStyle": "black",
		"navigationBarTitleText": "uni-app",
		"navigationBarBackgroundColor": "#F8F8F8",
		"backgroundColor": "#F8F8F8"
	},
	"uniIdRouter": {},
	"tabBar": {
		"list": [
			{
				"pagePath": "pages/index/index",
				"iconPath": "static/icon/首页.png",
				"selectedIconPath": "static/icon/首页-fill.png"
			},
			{
				"pagePath": "pages/message/message",
				"iconPath": "static/icon/信息.png",
				"selectedIconPath": "static/icon/信息-fill.png"
			},
			{
				"pagePath": "pages/shopCart/shopCart",
				"iconPath": "static/icon/购物车.png",
				"selectedIconPath": "static/icon/购物车-fill.png"
			},
			{
				"pagePath": "pages/mine/mine",
				"iconPath": "static/icon/我的.png",
				"selectedIconPath": "static/icon/我的-fill.png"
			}
		]
	}
}
