[{
  "id": 1,
  "type": "001",
  "title": "《从0到1 HTML+CSS+JavaScript快速上手》",
  "price": 30,
  "imgUrl": "http://localhost:3000/%E4%BB%8E0%E5%88%B01%20HTML+CSS+JavaScript%E5%BF%AB%E9%80%9F%E4%B8%8A%E6%89%8B.jpg"
},{
  "id": 2,
  "type": "002",
  "title": "《高性能MySQL》",
  "price": 30,
  "imgUrl": "http://localhost:3000/%E9%AB%98%E6%80%A7%E8%83%BDMySQL.jpg"
},{
  "id": 3,
  "type": "001",
  "title": "《精通CSS 高级Web标准解决方案》",
  "price": 30,
  "imgUrl": "http://localhost:3000/%E7%B2%BE%E9%80%9ACSS%20%E9%AB%98%E7%BA%A7Web%E6%A0%87%E5%87%86%E8%A7%A3%E5%86%B3%E6%96%B9%E6%A1%88.jpg"
},{
  "id": 4,
  "type": "002",
  "title": "《零基础C++从入门到精通》",
  "price": 30,
  "imgUrl": "http://localhost:3000/%E9%9B%B6%E5%9F%BA%E7%A1%80C++%E4%BB%8E%E5%85%A5%E9%97%A8%E5%88%B0%E7%B2%BE%E9%80%9A.jpg"
},{
  "id": 5,
  "type": "002",
  "title": "《零基础Java从入门到精通》",
  "price": 30,
  "imgUrl": "http://localhost:3000/%E9%9B%B6%E5%9F%BA%E7%A1%80Java%E4%BB%8E%E5%85%A5%E9%97%A8%E5%88%B0%E7%B2%BE%E9%80%9A.jpg"
},{
  "id": 6,
  "type": "002",
  "title": "《零基础Python从入门到精通》",
  "price": 30,
  "imgUrl": "http://localhost:3000/%E9%9B%B6%E5%9F%BA%E7%A1%80Python%E4%BB%8E%E5%85%A5%E9%97%A8%E5%88%B0%E7%B2%BE%E9%80%9A.jpg"
},{
  "id": 7,
  "type": "001",
  "title": "《深入浅出Webpack》",
  "price": 30,
  "imgUrl": "http://localhost:3000/%E6%B7%B1%E5%85%A5%E6%B5%85%E5%87%BAWebpack.jpg"
},{
  "id": 8,
  "type": "003",
  "title": "《数据库技术及应用》",
  "price": 30,
  "imgUrl": "http://localhost:3000/%E6%95%B0%E6%8D%AE%E5%BA%93%E6%8A%80%E6%9C%AF%E5%8F%8A%E5%BA%94%E7%94%A8.jpg"
},{
  "id": 9,
  "type": "001",
  "title": "《网页设计与开发》",
  "price": 30,
  "imgUrl": "http://localhost:3000/%E7%BD%91%E9%A1%B5%E8%AE%BE%E8%AE%A1%E4%B8%8E%E5%BC%80%E5%8F%91.jpg"
},{
  "id": 10,
  "type": "001",
  "title": "《网页设计与制作(第2版)》",
  "price": 30,
  "imgUrl": "http://localhost:3000/%E7%BD%91%E9%A1%B5%E8%AE%BE%E8%AE%A1%E4%B8%8E%E5%88%B6%E4%BD%9C(%E7%AC%AC2%E7%89%88).jpg"
},{
  "id": 11,
  "type": "003",
  "title": "《左手MongoDB，右手Redis》",
  "price": 30,
  "imgUrl": "http://localhost:3000/%E5%B7%A6%E6%89%8BMongoDB%EF%BC%8C%E5%8F%B3%E6%89%8BRedis.jpg"
},{
  "id": 12,
  "type": "001",
  "title": "《HTML5+CSS3前端技术》",
  "price": 30,
  "imgUrl": "http://localhost:3000/HTML5+CSS3%E5%89%8D%E7%AB%AF%E6%8A%80%E6%9C%AF.jpg"
},{
  "id": 13,
  "type": "001",
  "title": "《HTML5与CSS3从入门到精通》",
  "price": 30,
  "imgUrl": "http://localhost:3000/HTML5%E4%B8%8ECSS3%E4%BB%8E%E5%85%A5%E9%97%A8%E5%88%B0%E7%B2%BE%E9%80%9A.jpg"
},{
  "id": 14,
  "type": "001",
  "title": "《JavaScript高级程序设计(第4版)》",
  "price": 30,
  "imgUrl": "http://localhost:3000/JavaScript%E9%AB%98%E7%BA%A7%E7%A8%8B%E5%BA%8F%E8%AE%BE%E8%AE%A1(%E7%AC%AC4%E7%89%88).jpg"
},{
  "id": 15,
  "type": "001",
  "title": "《JavaScript前端开发案例教程》",
  "price": 30,
  "imgUrl": "http://localhost:3000/JavaScript%E5%89%8D%E7%AB%AF%E5%BC%80%E5%8F%91%E6%A1%88%E4%BE%8B%E6%95%99%E7%A8%8B.jpg"
},{
  "id": 16,
  "type": "001",
  "title": "《JavaScript权威指南》",
  "price": 30,
  "imgUrl": "http://localhost:3000/JavaScript%E6%9D%83%E5%A8%81%E6%8C%87%E5%8D%97.jpg"
},{
  "id": 17,
  "type": "003",
  "title": "《MongoDB从入门到商业实战》",
  "price": 30,
  "imgUrl": "http://localhost:3000/MongoDB%E4%BB%8E%E5%85%A5%E9%97%A8%E5%88%B0%E5%95%86%E4%B8%9A%E5%AE%9E%E6%88%98.jpg"
},{
  "id": 18,
  "type": "003",
  "title": "《MongoDB核心原理与实践》",
  "price": 30,
  "imgUrl": "http://localhost:3000/MongoDB%E6%A0%B8%E5%BF%83%E5%8E%9F%E7%90%86%E4%B8%8E%E5%AE%9E%E8%B7%B5.jpg"
},{
  "id": 19,
  "type": "003",
  "title": "《MongoDB权威指南》",
  "price": 30,
  "imgUrl": "http://localhost:3000/MongoDB%E6%9D%83%E5%A8%81%E6%8C%87%E5%8D%97.jpg"
},{
  "id": 20,
  "type": "002",
  "title": "《MySQL基础教程》",
  "price": 30,
  "imgUrl": "http://localhost:3000/MySQL%E5%9F%BA%E7%A1%80%E6%95%99%E7%A8%8B.jpg"
},{
  "id": 21,
  "type": "001",
  "title": "《Node.js+Express+MongoDB+Vue.js全栈开发实战》",
  "price": 30,
  "imgUrl": "http://localhost:3000/Node.js+Express+MongoDB+Vue.js%E5%85%A8%E6%A0%88%E5%BC%80%E5%8F%91%E5%AE%9E%E6%88%98.jpg"
},{
  "id": 22,
  "type": "001",
  "title": "《Node.js+Webpack开发实战》",
  "price": 30,
  "imgUrl": "http://localhost:3000/Node.js+Webpack%E5%BC%80%E5%8F%91%E5%AE%9E%E6%88%98.jpg"
},{
  "id": 23,
  "type": "001",
  "title": "《Node.js实战》",
  "price": 30,
  "imgUrl": "http://localhost:3000/Node.js%E5%AE%9E%E6%88%98.jpg"
},{
  "id": 24,
  "type": "001",
  "title": "《React Hooks开发实战》",
  "price": 30,
  "imgUrl": "http://localhost:3000/React%20Hooks%E5%BC%80%E5%8F%91%E5%AE%9E%E6%88%98.jpg"
},{
  "id": 25,
  "type": "001",
  "title": "《React全家桶 前端开发与实例详解》",
  "price": 30,
  "imgUrl": "http://localhost:3000/React%E5%85%A8%E5%AE%B6%E6%A1%B6%20%E5%89%8D%E7%AB%AF%E5%BC%80%E5%8F%91%E4%B8%8E%E5%AE%9E%E4%BE%8B%E8%AF%A6%E8%A7%A3.jpg"
},{
  "id": 26,
  "type": "001",
  "title": "《React设计原理》",
  "price": 30,
  "imgUrl": "http://localhost:3000/React%E8%AE%BE%E8%AE%A1%E5%8E%9F%E7%90%86.jpg"
},{
  "id": 27,
  "type": "001",
  "title": "《React学习手册》",
  "price": 30,
  "imgUrl": "http://localhost:3000/React%E5%AD%A6%E4%B9%A0%E6%89%8B%E5%86%8C.jpg"
},{
  "id": 28,
  "type": "003",
  "title": "《Redis深度历险》",
  "price": 30,
  "imgUrl": "http://localhost:3000/Redis%E6%B7%B1%E5%BA%A6%E5%8E%86%E9%99%A9.jpg"
},{
  "id": 29,
  "type": "001",
  "title": "《Spring Boot+Vue全栈开发实战》",
  "price": 30,
  "imgUrl": "http://localhost:3000/Spring%20Boot+Vue%E5%85%A8%E6%A0%88%E5%BC%80%E5%8F%91%E5%AE%9E%E6%88%98.jpg"
},{
  "id": 30,
  "type": "002",
  "title": "《SQL进阶教程(第2版)》",
  "price": 30,
  "imgUrl": "http://localhost:3000/SQL%E8%BF%9B%E9%98%B6%E6%95%99%E7%A8%8B(%E7%AC%AC2%E7%89%88).jpg"
},{
  "id": 31,
  "type": "001",
  "title": "《uniapp多端跨平台开发》",
  "price": 30,
  "imgUrl": "http://localhost:3000/uniapp%E5%A4%9A%E7%AB%AF%E8%B7%A8%E5%B9%B3%E5%8F%B0%E5%BC%80%E5%8F%91.jpg"
},{
  "id": 32,
  "type": "001",
  "title": "《Vue.js 3 企业级应用开发实战》",
  "price": 30,
  "imgUrl": "http://localhost:3000/Vue.js%203%20%E4%BC%81%E4%B8%9A%E7%BA%A7%E5%BA%94%E7%94%A8%E5%BC%80%E5%8F%91%E5%AE%9E%E6%88%98.jpg"
},{
  "id": 33,
  "type": "001",
  "title": "《Vue.js 3.0 企业级管理后台开发实战》",
  "price": 30,
  "imgUrl": "http://localhost:3000/Vue.js%203.0%20%E4%BC%81%E4%B8%9A%E7%BA%A7%E7%AE%A1%E7%90%86%E5%90%8E%E5%8F%B0%E5%BC%80%E5%8F%91%E5%AE%9E%E6%88%98.jpg"
},{
  "id": 34,
  "type": "001",
  "title": "《Vue.js+Node.js开发实战》",
  "price": 30,
  "imgUrl": "http://localhost:3000/Vue.js+Node.js%E5%BC%80%E5%8F%91%E5%AE%9E%E6%88%98.jpg"
},{
  "id": 35,
  "type": "001",
  "title": "《Vue.js从入门到企业级实战》",
  "price": 30,
  "imgUrl": "http://localhost:3000/Vue.js%E4%BB%8E%E5%85%A5%E9%97%A8%E5%88%B0%E4%BC%81%E4%B8%9A%E7%BA%A7%E5%AE%9E%E6%88%98.jpg"
},{
  "id": 36,
  "type": "001",
  "title": "《Vue.js从入门到项目实战》",
  "price": 30,
  "imgUrl": "http://localhost:3000/Vue.js%E4%BB%8E%E5%85%A5%E9%97%A8%E5%88%B0%E9%A1%B9%E7%9B%AE%E5%AE%9E%E6%88%98.jpg"
},{
  "id": 37,
  "type": "001",
  "title": "《Vue.js设计与实现》",
  "price": 30,
  "imgUrl": "http://localhost:3000/Vue.js%E8%AE%BE%E8%AE%A1%E4%B8%8E%E5%AE%9E%E7%8E%B0.jpg"
},{
  "id": 38,
  "type": "001",
  "title": "《Vue+Spring Boot前后端分离开发实战》",
  "price": 30,
  "imgUrl": "http://localhost:3000/Vue+Spring%20Boot%E5%89%8D%E5%90%8E%E7%AB%AF%E5%88%86%E7%A6%BB%E5%BC%80%E5%8F%91%E5%AE%9E%E6%88%98.jpg"
},{
  "id": 39,
  "type": "001",
  "title": "《Web前端开发入门与实战》",
  "price": 30,
  "imgUrl": "http://localhost:3000/Web%E5%89%8D%E7%AB%AF%E5%BC%80%E5%8F%91%E5%85%A5%E9%97%A8%E4%B8%8E%E5%AE%9E%E6%88%98.jpg"
},{
  "id": 40,
  "type": "001",
  "price": 30,
  "imgUrl": "http://localhost:3000/Webpack%E5%AE%9E%E6%88%98.jpg",
  "title": "《Webpack实战》"
}]