[{
  "id": 7,
  "type": "001",
  "title": "《深入浅出Webpack》",
  "price": 30,
  "imgUrl": "http://localhost:3000/%E6%B7%B1%E5%85%A5%E6%B5%85%E5%87%BAWebpack.jpg",
  "number": 5
},{
  "id": 16,
  "type": "001",
  "title": "《JavaScript权威指南》",
  "price": 30,
  "imgUrl": "http://localhost:3000/JavaScript%E6%9D%83%E5%A8%81%E6%8C%87%E5%8D%97.jpg",
  "number": 1
},{
  "id": 14,
  "type": "001",
  "title": "《JavaScript高级程序设计(第4版)》",
  "price": 30,
  "imgUrl": "http://localhost:3000/JavaScript%E9%AB%98%E7%BA%A7%E7%A8%8B%E5%BA%8F%E8%AE%BE%E8%AE%A1(%E7%AC%AC4%E7%89%88).jpg",
  "number": 3
},{
  "id": 32,
  "type": "001",
  "title": "《Vue.js 3 企业级应用开发实战》",
  "price": 30,
  "imgUrl": "http://localhost:3000/Vue.js%203%20%E4%BC%81%E4%B8%9A%E7%BA%A7%E5%BA%94%E7%94%A8%E5%BC%80%E5%8F%91%E5%AE%9E%E6%88%98.jpg",
  "number": 1
}]